gridcell,MAJOR_LC,RD_DENSITY,WOLVES_99,WOLVES_01
1,31,11.611,2,0
2,81,3.443,2,0
3,41,5.382,2,0
4,42,2.269,2,0
5,41,3.677,2,0
6,42,1.1,2,0
7,41,4.876,2,0
8,42,0.003,2,0
9,42,2.86,2,0
10,42,2.375,2,0
11,42,1.885,2,0
12,42,0.044,2,0
13,42,0.728,2,0
14,42,1.314,2,0
15,42,3.042,2,0
16,42,0.469,2,0
17,42,0.248,2,0
18,42,0.675,2,0
19,42,1.91,2,0
20,42,0.228,2,0
21,81,4.058,2,0
22,81,3.563,2,0
23,42,0.801,2,0
24,42,3.421,2,0
25,42,0.515,2,0
26,51,1.945,2,0
27,42,1.235,2,0
28,42,1.999,2,0
29,42,2.495,2,0
30,42,1.193,2,0
31,42,1.896,2,0
32,42,1.689,2,0
33,42,1.144,2,0
34,42,1.028,2,0
35,42,0.858,2,0
36,42,1.703,2,0
37,42,4.009,2,0
38,42,0.096,2,0
39,51,1.85,2,0
40,42,0.081,2,0
41,31,0,2,0
42,42,1.759,2,0
43,81,5.549,2,0
44,43,4.99,2,0
45,41,4.267,2,0
46,42,1.792,2,0
47,42,0.204,2,0
48,42,2.144,2,0
49,42,0.212,2,0
50,42,9.263,2,0
51,42,1.615,2,0
52,42,3.502,2,0
53,42,1.927,2,0
54,42,1.665,2,0
55,42,2.17,2,0
56,42,1.699,2,0
57,42,2.783,2,0
58,42,1.968,2,0
59,42,1.418,2,0
60,42,1.129,2,0
61,42,1.574,2,0
62,42,0.828,2,0
63,42,1.392,2,0
64,41,12.086,2,0
65,42,2.786,2,0
66,42,2.282,2,0
67,42,1.536,2,0
68,42,0.048,2,0
69,51,1.97,2,0
70,43,3.064,2,0
71,42,0.244,2,0
72,42,1.96,2,0
73,42,1.327,2,0
74,42,2.091,2,0
75,42,0.161,2,0
76,81,4.62,2,0
77,21,8.552,2,0
78,41,3.185,2,0
79,42,0.361,2,0
80,42,1.634,2,0
81,42,1.711,2,0
82,42,2.221,2,0
83,42,1.916,2,0
84,42,0.752,2,0
85,42,1.672,2,0
86,42,1.434,2,1
87,42,2.148,2,0
88,42,4.098,2,0
89,42,0.961,2,0
90,42,0.903,2,0
91,42,2.026,2,0
92,71,1.707,2,0
93,42,2.112,2,0
94,42,1.993,2,0
95,42,3.341,2,0
96,21,13.835,2,0
97,42,7.106,2,0
98,42,2.299,2,0
99,42,0.46,2,0
100,51,1.443,2,0
101,42,1.734,2,1
102,42,1.819,2,0
103,42,1.977,2,0
104,43,5.136,2,0
105,42,7.521,2,0
106,42,2.038,2,0
107,21,11.664,2,0
108,42,2.669,2,0
109,42,0.916,2,1
110,42,1.33,2,1
111,51,1.51,2,0
112,42,1.39,2,0
113,42,4.049,2,0
114,21,21.327,2,0
115,42,3.282,2,0
116,42,2.445,2,0
117,42,0.046,2,1
118,42,1.216,2,1
119,42,2.96,2,0
120,42,1.837,2,0
121,42,1.904,2,0
122,42,0.046,2,0
123,42,2.549,2,0
124,42,4.727,2,0
125,42,2.415,2,1
126,42,3.822,2,0
127,42,2.342,2,0
128,42,0.698,2,0
129,51,1.829,2,0
130,21,22.047,2,0
131,71,1.12,2,0
132,42,2.471,2,0
133,42,2.097,2,0
134,42,1.059,2,1
135,42,5.867,2,0
136,71,1.018,2,0
137,42,1.459,2,0
138,42,0.226,2,0
139,23,10.731,2,0
140,51,1.477,2,0
141,42,0.592,2,1
142,42,2.383,2,0
143,42,1.162,2,0
144,71,0.837,2,0
145,42,2.232,2,0
146,21,8.638,2,0
147,42,0.183,2,0
148,51,1.519,2,0
149,42,1.831,2,0
150,42,2.027,2,0
151,21,19.17,2,0
152,83,0.874,2,0
153,42,2.799,2,0
154,42,0.782,2,0
155,42,2.453,2,0
156,42,2.872,2,0
157,42,1.836,2,0
158,83,0.88,2,0
159,84,1.465,2,0
160,51,1.986,2,0
161,71,1.224,2,0
162,42,5.189,2,0
163,42,2.319,2,0
164,71,0.472,2,0
165,42,2.371,2,1
166,21,17.154,2,0
167,41,6.094,2,0
168,42,1.873,2,0
169,42,2.076,2,0
170,43,5.593,2,0
171,83,0.734,2,0
172,84,1.669,2,0
173,71,1.033,2,0
174,31,19.771,2,0
175,42,1.636,2,0
176,42,1.996,2,1
177,43,4.846,2,0
178,42,1.488,2,0
179,42,2.391,2,0
180,83,1.881,2,0
181,83,1.493,2,0
182,42,2.403,2,0
183,42,1.283,2,0
184,42,2.72,2,0
185,51,1.322,2,0
186,42,5.616,2,0
187,42,2.428,2,1
188,42,1.166,2,0
189,42,2.514,2,0
190,83,0.917,2,0
191,83,1.271,2,0
192,42,5.268,2,0
193,42,2.766,2,0
194,42,0.57,2,1
195,71,1.38,2,0
196,42,2.175,2,0
197,51,1.477,2,0
198,83,0.589,2,0
199,42,1.158,2,0
200,42,2.17,2,0
201,71,1.065,2,0
202,42,2.999,2,0
203,42,0.348,2,0
204,83,1.447,2,0
205,42,2.056,2,0
206,42,2.519,2,0
207,51,1.402,2,0
208,51,2.68,2,0
209,71,1.01,2,0
210,83,1.624,2,0
211,71,1.7,2,0
212,41,3.273,2,0
213,42,2.918,2,0
214,71,0.964,2,0
215,42,2.8,2,0
216,42,1.365,2,0
217,83,1.579,2,0
218,51,1.474,2,0
219,51,1.459,2,0
220,71,1.469,2,0
221,71,0.977,2,0
222,42,1.877,2,0
223,42,2.48,2,0
224,83,1.741,2,0
225,42,3.524,2,0
226,71,0.439,2,0
227,83,1.479,2,0
228,42,2.112,2,0
229,84,1.65,2,0
230,42,2.46,2,0
231,42,2.262,2,0
232,42,3.017,2,0
233,51,1.643,2,0
234,83,1.47,2,0
235,42,5.876,2,0
236,42,2.469,2,0
237,71,0.515,2,0
238,42,2.737,2,0
239,42,1.395,2,0
240,71,1.303,2,0
241,71,1.441,2,0
242,71,0.472,2,0
243,42,3.379,2,0
244,42,2.771,2,0
245,42,4.314,2,0
246,42,1.111,2,0
247,51,2.984,2,0
248,51,1.179,2,0
249,42,1.099,2,1
250,83,1.197,2,0
251,71,0.472,2,0
252,71,0.875,2,0
253,42,2.738,2,0
254,71,0.56,2,0
255,42,5.696,2,0
256,71,1.205,2,0
257,42,0.155,2,1
258,83,1.607,2,0
259,42,0.889,2,0
260,42,1.024,2,1
261,51,1.539,2,0
262,71,0.597,2,0
263,51,1.963,2,0
264,71,0.556,2,0
265,83,1.723,2,0
266,42,0.252,2,0
267,42,2.832,2,0
268,84,0.586,2,0
269,42,3.198,2,0
270,42,3.324,2,0
271,42,1.553,2,1
272,71,1.02,2,0
273,83,1.086,2,0
274,42,0.47,2,0
275,84,1.28,2,0
276,83,1.625,2,0
277,51,1.614,2,0
278,71,0.882,2,0
279,71,1.109,2,0
280,71,0.763,2,0
281,42,2.604,2,0
282,42,2.065,2,0
283,42,2.569,2,1
284,83,1.892,2,0
285,42,2.711,2,0
286,42,3.649,2,0
287,83,1.339,2,0
288,71,0.581,2,0
289,42,1.28,2,0
290,83,1.303,2,0
291,51,1.29,2,0
292,42,1.817,2,0
293,84,0.983,2,0
294,51,1.38,2,0
295,42,2.858,2,0
296,71,0.781,2,0
297,71,1.532,2,0
298,42,1.7,2,0
299,42,2.207,2,0
300,84,0.761,2,0
301,83,1.555,2,0
302,83,0.944,2,0
303,42,2.443,2,0
304,71,1.18,2,0
305,51,1.549,2,0
306,84,0.624,2,0
307,51,2.071,2,0
308,42,1.121,2,1
309,84,2.504,2,0
310,42,1.085,2,0
311,83,1.228,2,0
312,71,1.191,2,0
313,42,2.738,2,0
314,84,1.021,2,0
315,83,2.08,2,0
316,83,0.988,2,0
317,42,0.352,2,1
318,71,1.019,2,0
319,42,2.049,2,0
320,71,0.907,2,0
321,42,1.084,2,0
322,51,1.429,2,0
323,51,2.06,2,0
324,84,0.962,2,0
325,71,0.936,2,0
326,41,6.227,2,0
327,42,3.077,2,0
328,83,0.835,2,0
329,42,0.014,2,0
330,84,1.284,2,0
331,42,1.838,2,0
332,42,1.567,2,1
333,71,1.471,2,0
334,84,0.508,2,0
335,42,0.651,2,0
336,51,1.476,2,0
337,83,0.896,2,0
338,51,1.67,2,0
339,71,0.727,2,0
340,71,1.361,2,0
341,42,4.555,2,0
342,42,2.311,2,0
343,71,1.433,2,0
344,42,4.066,2,0
345,41,4.233,2,0
346,71,0.732,2,0
347,71,1.289,2,0
348,42,5.649,2,0
349,71,1.288,2,0
350,51,0.942,2,0
351,42,1.844,2,0
352,42,3.575,2,0
353,51,1.333,2,0
354,71,0.689,2,0
355,71,0.669,2,0
356,71,1.82,2,0
357,42,1.209,2,0
358,83,1.31,2,0
359,71,0.493,2,0
360,33,1.842,2,0
361,71,0.911,2,0
362,83,1.297,2,0
363,51,3.589,2,0
364,71,0.888,2,0
365,81,1.955,2,0
366,42,0.93,2,0
367,42,1.046,0,0
368,83,0.863,2,0
369,42,2.542,2,0
370,71,1.102,2,0
371,71,0.403,2,0
372,83,1.649,2,0
373,42,1.496,2,0
374,42,0,2,1
375,83,0.707,2,0
376,71,0.912,2,0
377,83,0.782,2,0
378,42,0.966,1,0
379,51,1.307,2,0
380,51,2.764,2,0
381,84,0.881,2,0
382,71,1.056,2,0
383,42,2.87,2,0
384,71,0.797,2,0
385,42,0.014,2,1
386,84,0.937,2,0
387,42,1.926,2,0
388,42,1.51,2,0
389,42,1.366,2,0
390,71,0.873,2,0
391,84,0.653,2,0
392,51,1.094,2,0
393,51,1.493,2,0
394,84,0.779,2,0
395,71,0.906,2,0
396,71,1.144,2,0
397,42,1.639,2,0
398,42,3.26,2,0
399,42,1.323,2,1
400,71,0.498,2,0
401,42,4.357,2,0
402,71,1.19,2,0
403,51,1.283,2,0
404,42,3.015,2,0
405,71,1.261,2,0
406,42,2.834,2,0
407,51,1.357,2,0
408,84,1.638,2,0
409,71,0.45,2,0
410,42,1.44,2,1
411,71,1.832,2,0
412,83,1.744,2,0
413,42,2.295,2,0
414,71,0.758,2,0
415,83,1.156,2,0
416,71,0.766,2,0
417,51,1.569,2,0
418,81,1.534,2,0
419,42,0.709,2,0
420,71,1.307,2,0
421,42,0.961,1,1
422,42,2.388,2,0
423,83,1.645,2,0
424,71,0.998,2,0
425,83,0.911,2,0
426,83,1.922,2,0
427,42,1.911,2,0
428,42,0.453,2,1
429,83,2.078,2,0
430,71,0.941,2,0
431,84,1.593,2,0
432,42,0.591,1,0
433,51,1.202,2,0
434,51,2.145,2,0
435,41,2.861,2,0
436,71,1.27,2,0
437,42,2.784,2,0
438,71,0.75,2,0
439,71,0.822,2,0
440,42,7.058,2,0
441,42,0.014,2,1
442,83,2.114,2,0
443,71,0.734,2,0
444,42,1.626,0,1
445,42,2.571,2,0
446,71,0.68,2,0
447,51,1.267,2,0
448,71,0.332,2,0
449,84,3.446,2,0
450,71,0.8,2,0
451,42,0.419,2,0
452,71,0.98,2,0
453,81,6.224,2,0
454,42,1.479,2,0
455,42,2.034,2,1
456,71,0.655,2,0
457,41,6.786,2,0
458,71,0.677,2,0
459,42,2.589,2,0
460,51,1.126,2,0
461,42,3.244,2,0
462,71,0.839,2,0
463,51,2.044,2,0
464,71,0.286,2,0
465,71,0.613,2,0
466,42,2.336,2,0
467,42,2.217,2,0
468,42,5.753,2,0
469,42,2.35,2,0
470,71,0.983,2,0
471,71,0.386,2,0
472,83,1.263,2,0
473,71,0.406,2,0
474,42,2.245,2,0
475,81,4.123,2,0
476,42,3.729,2,0
477,42,2.688,2,0
478,42,0.924,2,0
479,71,0.473,2,0
480,42,2.052,1,0
481,71,1.357,2,0
482,71,0.261,2,0
483,84,0.64,2,0
484,42,1.937,2,0
485,83,1.295,2,0
486,42,1.578,2,1
487,71,1.237,2,0
488,71,0.192,2,0
489,71,0.986,2,0
490,51,1.354,2,0
491,51,1.308,2,0
492,42,0.82,1,0
493,81,6.263,2,0
494,71,1.028,2,0
495,71,0.24,2,0
496,71,1.057,2,0
497,42,0.914,2,0
498,83,1.78,2,0
499,84,1.326,2,0
500,42,2.966,2,0
501,42,0.638,1,1
502,83,1.115,2,0
503,71,0.439,2,0
504,84,1.317,2,0
505,84,1.867,2,0
506,71,0.963,2,0
507,42,0.727,2,0
508,21,12.377,2,0
509,71,0.901,2,0
510,42,1.79,2,0
511,42,2.107,1,1
512,42,3.091,2,0
513,83,1.034,2,0
514,51,1.938,2,0
515,42,3.194,2,0
516,83,1.394,2,0
517,71,0.698,2,0
518,42,0.687,2,0
519,51,1.622,2,0
520,42,2.237,2,0
521,71,0.478,2,0
522,42,3.082,1,1
523,71,0.467,2,0
524,42,2.843,2,0
525,71,0.867,2,0
526,71,0.271,2,0
527,42,1.635,2,0
528,51,1.338,2,0
529,71,0.319,2,0
530,51,1.544,2,0
531,81,2.988,2,0
532,42,1.743,2,0
533,42,2.356,0,1
534,71,0.409,2,0
535,71,0.735,2,0
536,71,0.499,2,0
537,71,0.376,2,0
538,42,1.815,2,0
539,51,1.602,2,0
540,42,1.245,2,1
541,51,1.158,2,0
542,42,0.445,2,0
543,51,1.727,2,0
544,71,0.597,2,0
545,42,0.387,1,1
546,71,0.662,2,0
547,81,3.468,2,0
548,71,1.028,2,0
549,71,0.586,2,0
550,42,0.767,2,0
551,42,1.109,2,0
552,51,2.015,2,0
553,42,2.293,2,0
554,71,1.49,2,0
555,42,0.716,1,0
556,83,2.6,2,0
557,51,1.525,2,0
558,71,0.645,2,0
559,71,0.983,2,0
560,71,0.887,2,0
561,42,0.902,2,0
562,81,3.434,2,0
563,42,3.925,2,0
564,83,1.604,2,0
565,71,1.524,2,0
566,42,1.065,1,1
567,83,1.363,2,0
568,42,3.304,2,0
569,51,1.098,2,0
570,42,1.183,2,0
571,71,1.514,2,0
572,51,2.3,2,0
573,71,1.517,2,0
574,83,1.783,2,0
575,42,1.602,1,1
576,83,1.39,2,0
577,71,0.777,2,0
578,42,2.257,2,0
579,71,1.126,2,0
580,42,1.354,2,0
581,71,0.626,2,0
582,51,0.889,2,0
583,71,0.625,2,0
584,51,1.984,2,0
585,81,2.708,2,0
586,42,0.764,2,0
587,42,1.912,0,0
588,71,0.582,2,0
589,42,0.862,2,0
590,71,0.584,2,0
591,42,1.635,2,0
592,71,0.578,2,0
593,51,1.203,2,0
594,42,0.82,2,0
595,51,0.731,2,0
596,83,1.967,2,0
597,71,1.176,2,0
598,42,0.203,0,0
599,71,1.068,2,0
600,84,0.582,2,0
601,81,4.646,2,0
602,71,0.566,2,0
603,71,1.327,2,0
604,51,0.902,2,0
605,71,1.154,2,0
606,42,1.493,2,0
607,42,1.677,2,0
608,71,0.78,2,0
609,42,0.049,0,0
610,42,1.572,2,0
611,84,1.168,2,0
612,71,1.294,2,0
613,71,0.822,2,0
614,42,3.621,2,0
615,42,0.986,2,0
616,42,2.808,2,0
617,71,1.217,2,1
618,51,1.509,2,0
619,71,1.565,2,0
620,42,0.055,0,0
621,42,2.91,2,0
622,51,0.8,2,0
623,71,1.14,2,0
624,42,2.707,2,0
625,51,1.003,2,0
626,71,1.445,2,0
627,42,1.411,2,0
628,83,1.813,2,0
629,42,1.96,0,0
630,71,0.652,2,0
631,42,1.701,2,0
632,71,1.545,2,0
633,71,2.839,2,0
634,42,1.837,2,0
635,51,0.57,2,0
636,71,1.227,2,0
637,81,3.374,2,0
638,51,1.203,2,0
639,42,0.545,2,0
640,42,0.706,2,0
641,42,1.515,0,0
642,71,0.799,2,0
643,71,1.262,2,0
644,42,1.351,2,0
645,71,0.717,2,0
646,51,1.806,2,0
647,71,0.909,2,0
648,51,1.242,2,0
649,42,1.606,2,0
650,51,1.455,2,0
651,42,0.361,0,0
652,71,1.366,2,0
653,71,1.347,2,0
654,81,3.098,2,0
655,71,0.442,2,0
656,71,0.8,2,0
657,51,0.819,2,0
658,71,1.396,2,0
659,42,0.816,2,0
660,42,1.861,2,0
661,71,1.276,2,0
662,42,0.183,0,0
663,71,0.786,2,0
664,42,1.843,2,0
665,51,1.395,2,0
666,42,2.657,2,0
667,71,0.891,2,0
668,71,0.833,2,0
669,42,3.988,2,0
670,71,1.359,2,0
671,42,1.276,2,0
672,51,1.108,2,0
673,71,0.582,2,0
674,42,0.022,0,0
675,42,2.793,2,0
676,51,0.813,2,0
677,42,2.113,2,0
678,71,1.316,2,0
679,51,1.831,2,0
680,42,1.054,2,0
681,71,0.676,2,0
682,42,1.891,2,0
683,42,2.504,2,0
684,42,1.702,0,0
685,71,1.053,2,0
686,71,1.06,2,0
687,42,1.063,2,0
688,42,1.218,2,0
689,51,0.49,2,0
690,81,2.657,2,0
691,42,2.627,2,0
692,71,0.978,2,0
693,71,1.504,2,0
694,42,1.076,2,1
695,42,0.8,0,1
696,71,0.685,2,0
697,71,1.543,2,0
698,42,0.933,2,0
699,71,1.343,2,0
700,51,1.179,2,0
701,71,0.972,2,0
702,51,0.968,2,0
703,42,2.77,2,0
704,42,0.393,2,0
705,42,0.93,1,1
706,81,2.01,2,0
707,71,1.194,2,0
708,71,1.69,2,0
709,71,0.725,2,0
710,71,0.361,2,0
711,51,0.57,2,0
712,42,1.961,2,0
713,71,1.547,2,0
714,42,0.699,2,1
715,71,0.9,2,0
716,42,0.234,1,1
717,42,2.088,2,0
718,42,1.718,2,0
719,42,2.449,2,0
720,71,0.603,2,0
721,71,1.005,2,0
722,42,3.168,2,0
723,83,1.284,2,0
724,71,0.771,2,0
725,71,2.447,2,0
726,42,1.016,2,0
727,42,2.044,2,0
728,42,0.257,1,0
729,71,0.494,2,0
730,51,2.142,2,0
731,42,2.224,2,0
732,42,1.679,2,0
733,71,1.252,2,0
734,42,1.06,2,0
735,71,0.21,2,0
736,42,2.182,2,0
737,42,1.134,2,0
738,42,1.356,0,0
739,71,0.928,2,0
740,71,0.408,2,0
741,51,1.497,2,0
742,42,1.324,2,0
743,71,1.065,2,0
744,81,3.632,2,0
745,51,1.661,2,0
746,71,0.57,2,0
747,71,1.658,2,0
748,42,0.216,0,1
749,42,0.92,2,0
750,71,1.125,2,0
751,42,1.582,2,0
752,71,1.147,2,0
753,71,1.326,2,0
754,42,0.593,2,0
755,51,1.042,2,0
756,71,0.399,2,0
757,42,1.866,2,0
758,71,0.894,2,0
759,42,3.79,2,0
760,42,0.186,1,1
761,71,0.611,2,0
762,71,1.276,2,0
763,71,0.536,2,0
764,31,0.81,2,0
765,42,2.581,2,0
766,42,1.191,2,0
767,71,1.136,2,0
768,42,0.848,2,0
769,71,1.098,2,0
770,71,1.196,2,0
771,42,2.071,2,0
772,23,22.433,2,0
773,51,1.088,2,0
774,42,0,1,1
775,42,2.273,2,0
776,71,1.043,2,0
777,42,2.071,2,0
778,71,0.538,2,0
779,71,0.384,2,0
780,42,0.791,2,0
781,71,1.16,2,0
782,42,1.254,2,0
783,42,2.434,2,0
784,51,2.723,2,0
785,42,0.408,1,0
786,71,1.558,2,0
787,42,2.021,2,0
788,51,1.205,2,0
789,71,1.767,2,0
790,71,1.29,2,0
791,71,0.909,2,0
792,42,1.471,2,0
793,42,0.644,2,0
794,42,0.914,1,1
795,71,1.261,2,0
796,71,0.766,2,0
797,42,1.593,2,0
798,42,2.558,2,0
799,51,1.743,2,0
800,71,1.178,2,0
801,42,1.549,2,0
802,71,0.942,2,0
803,71,0.784,2,0
804,42,0.509,0,1
805,42,0.915,0,0
806,42,0.681,2,0
807,71,0.993,2,0
808,71,1.214,2,0
809,42,1.509,2,0
810,71,1.017,2,0
811,42,1.882,2,0
812,42,2.433,2,0
813,42,2.815,2,0
814,71,0.754,2,0
815,71,0.759,2,0
816,42,0.281,1,1
817,83,2.577,2,0
818,71,1.421,2,0
819,71,0.548,2,0
820,42,0.107,2,0
821,31,0,2,0
822,42,4.183,2,0
823,51,0.788,2,0
824,42,2.157,2,0
825,71,1.204,2,0
826,42,0.495,2,0
827,71,1.631,2,0
828,71,1.573,2,0
829,42,2.269,2,0
830,42,3.503,2,0
831,42,0.019,1,1
832,71,1.055,2,0
833,42,2.122,2,0
834,71,1.631,2,0
835,71,1.462,2,0
836,71,0.516,2,0
837,71,1.333,2,0
838,42,2.54,2,0
839,42,1.86,2,0
840,51,2.347,2,0
841,42,0.13,1,0
842,71,1.345,2,0
843,42,2.219,2,0
844,42,1.297,2,0
845,71,1.664,2,0
846,71,1.291,2,0
847,42,1.366,2,0
848,71,1.366,2,0
849,42,1.727,2,0
850,42,0.704,1,1
851,71,1.658,2,0
852,42,1.803,2,0
853,51,1.62,2,0
854,71,1.261,2,0
855,51,1.324,2,0
856,71,0.984,2,0
857,42,1.944,2,0
858,71,0.679,2,0
859,71,1.092,2,0
860,42,0.305,1,1
861,51,1.132,1,1
862,42,1.655,2,0
863,71,0.563,2,0
864,71,1.027,2,0
865,51,0.779,2,0
866,71,1.857,2,0
867,51,1.576,2,0
868,42,1.125,2,0
869,42,2.518,2,0
870,71,3.958,2,0
871,71,0.544,2,0
872,42,0.689,0,0
873,42,0.347,1,1
874,71,1.993,2,0
875,42,0.619,2,0
876,31,2.868,2,0
877,71,3.317,2,0
878,42,2.984,2,0
879,71,0.588,2,0
880,42,3.19,2,0
881,51,0.895,2,0
882,51,1.276,2,0
883,42,2.566,2,0
884,71,1.354,2,0
885,51,1.029,2,0
886,71,1.07,2,0
887,42,0.918,2,1
888,42,2.172,2,0
889,42,0,1,0
890,42,1.784,2,0
891,71,0.834,2,0
892,71,1.74,2,0
893,42,2.717,2,0
894,42,0.326,2,0
895,71,2.079,2,0
896,51,1.096,2,0
897,71,0.941,2,0
898,51,2.039,2,0
899,42,0.252,1,1
900,51,1.514,2,0
901,71,1.466,2,0
902,42,1.435,2,0
903,42,0.47,2,0
904,42,1.18,2,0
905,71,1.151,2,0
906,71,1.492,2,0
907,42,1.736,2,0
908,42,0.733,1,1
909,42,2.812,2,0
910,71,1.482,2,0
911,51,1.571,2,0
912,51,1.214,2,0
913,71,1.289,2,0
914,42,1.876,2,0
915,71,1.058,2,0
916,71,1.069,2,0
917,42,0.925,1,1
918,71,1.681,2,0
919,51,0.817,0,0
920,42,3.486,2,0
921,42,0.468,2,1
922,71,1.288,2,0
923,42,2.703,2,0
924,51,1.032,2,0
925,51,1.528,2,0
926,71,1.363,2,0
927,42,2.538,2,0
928,42,2.356,2,0
929,51,0.93,0,0
930,71,1.152,2,0
931,42,0.276,1,1
932,42,2.03,2,0
933,42,0.368,1,1
934,71,1.209,2,0
935,42,3.68,2,0
936,71,1.161,2,0
937,51,1.048,2,0
938,51,0.808,0,0
939,51,1.573,2,0
940,42,1.765,2,0
941,71,1.256,2,0
942,42,0.596,1,1
943,71,1.148,2,0
944,42,0.284,1,1
945,42,1.802,2,0
946,71,1.312,2,0
947,42,1.98,2,0
948,71,1.092,2,0
949,51,1.043,2,0
950,42,0.121,0,1
951,71,0.9,2,0
952,42,2.89,2,0
953,71,0.794,2,0
954,42,0.158,1,1
955,51,0.886,2,0
956,42,2.451,2,0
957,71,1.323,2,0
958,42,0.026,0,0
959,42,1.301,2,0
960,71,0.884,2,1
961,71,1.138,2,0
962,42,2.136,2,0
963,51,0.627,1,1
964,42,2.598,2,0
965,51,1.642,2,0
966,42,0.283,0,0
967,51,1.089,2,0
968,42,1.76,2,0
969,71,1.008,2,0
970,42,0.411,2,1
971,42,0.719,1,1
972,42,1.558,2,0
973,42,1.787,2,0
974,71,1.225,2,0
975,71,1.256,0,1
976,51,0.56,0,0
977,42,0.504,2,1
978,51,1.915,2,0
979,51,1.294,2,0
980,71,1.503,2,0
981,42,2.479,2,0
982,42,1.347,2,0
983,51,1.184,2,0
984,42,1.781,2,0
985,51,0.881,0,0
986,42,0.472,1,1
987,71,1.427,2,0
988,42,0.264,1,1
989,42,3.688,2,0
990,71,0.988,2,0
991,71,1.093,2,0
992,51,2.367,2,0
993,51,1.477,2,0
994,51,0.649,0,0
995,51,0.823,2,0
996,42,0.251,1,1
997,42,0.525,1,1
998,71,0.788,2,0
999,42,1.831,2,0
1000,71,0.917,2,0
1001,42,1.485,2,0
1002,71,1.127,2,0
1003,71,1.047,2,0
1004,51,0.897,2,0
1005,51,2.037,2,0
1006,71,1.074,0,0
1007,42,0.231,1,1
1008,71,1.575,2,0
1009,42,0.568,1,1
1010,51,0.747,2,0
1011,51,1.552,2,0
1012,71,1.337,2,0
1013,42,1.128,2,0
1014,42,0.204,1,1
1015,71,0.851,0,0
1016,42,1.671,2,0
1017,71,1.326,2,0
1018,42,2.167,2,0
1019,51,0.758,0,1
1020,51,2.308,2,0
1021,51,1.052,2,0
1022,42,0.375,0,1
1023,51,1.731,2,0
1024,71,1.15,2,0
1025,71,0.554,0,1
1026,42,1.897,2,0
1027,42,1.111,0,1
1028,51,0.783,0,0
1029,51,1.113,0,1
1030,71,1.359,2,0
1031,42,2.724,2,0
1032,42,0.619,0,1
1033,51,1.385,2,0
1034,51,1.759,2,0
1035,42,2.351,2,0
1036,71,1.078,2,0
1037,51,1.378,2,0
1038,51,1.77,2,0
1039,42,1.113,2,0
1040,51,0.587,0,0
1041,42,0.44,1,0
1042,71,1.531,2,0
1043,42,0.975,0,1
1044,42,1.903,2,0
1045,51,1.665,2,0
1046,81,3.248,2,0
1047,71,1.251,2,0
1048,51,1.395,2,0
1049,51,0.951,2,0
1050,51,0.892,0,0
1051,42,2.118,2,0
1052,42,0.466,1,1
1053,42,0.162,0,1
1054,51,1.072,2,0
1055,71,1.237,2,0
1056,42,1.66,2,0
1057,71,1.412,2,0
1058,42,1.92,2,0
1059,51,2.241,2,0
1060,42,0.82,2,0
1061,51,0.714,0,0
1062,42,0.19,1,1
1063,71,0.706,2,0
1064,42,0.134,1,1
1065,51,0.921,2,0
1066,51,0.954,2,0
1067,71,1.346,2,0
1068,42,1.49,2,0
1069,42,0.001,1,1
1070,51,1.582,0,0
1071,42,1.522,2,0
1072,42,4.061,2,0
1073,71,2.393,2,0
1074,51,0.408,0,1
1075,51,1.069,2,0
1076,51,0.812,2,0
1077,51,0.979,2,0
1078,42,0.227,0,1
1079,71,1.047,2,0
1080,51,1.816,0,0
1081,42,2.46,2,0
1082,42,1.586,0,0
1083,51,0.888,0,1
1084,71,1.247,0,1
1085,42,3.404,2,0
1086,71,1.241,2,0
1087,42,2.813,2,0
1088,51,0.889,2,0
1089,51,0.973,2,0
1090,42,2.016,0,0
1091,51,1.209,2,0
1092,71,1.283,2,0
1093,42,1.3,2,0
1094,51,2.108,2,0
1095,51,0.457,0,0
1096,42,0.816,0,0
1097,71,1.424,2,0
1098,42,2.814,2,0
1099,42,0.933,0,1
1100,51,1.258,2,0
1101,83,3.417,2,0
1102,71,1.629,2,0
1103,51,1.302,2,0
1104,51,1.144,2,0
1105,42,1.909,2,0
1106,51,0.894,0,0
1107,42,0.422,1,1
1108,42,0.2,1,1
1109,51,1.244,2,0
1110,71,1.739,2,0
1111,42,1.825,2,0
1112,42,2.429,2,0
1113,71,1.504,2,0
1114,83,4.951,2,0
1115,42,1.127,2,0
1116,51,2.101,0,0
1117,42,0.073,1,1
1118,51,0.941,2,0
1119,51,0.978,2,0
1120,42,0.528,1,1
1121,71,1.385,2,0
1122,42,1.214,2,0
1123,42,0.776,2,0
1124,42,0.091,0,1
1125,51,2.265,0,0
1126,42,2.378,2,0
1127,51,3.162,2,0
1128,51,1.041,2,0
1129,71,1.834,2,0
1130,42,0.389,0,1
1131,51,0.697,2,0
1132,51,1.061,2,0
1133,42,0.343,0,0
1134,51,1.718,0,0
1135,71,1.274,2,0
1136,42,2.254,2,0
1137,51,0.738,0,0
1138,51,0.597,0,1
1139,71,1.098,0,0
1140,71,0.963,2,0
1141,42,3.279,2,0
1142,51,0.823,2,0
1143,42,9.603,2,0
1144,51,0.647,2,0
1145,51,1.865,0,0
1146,51,1.49,2,0
1147,42,2.141,2,0
1148,71,1.267,2,0
1149,51,1.739,2,0
1150,42,1.082,0,0
1151,51,0.654,0,0
1152,42,2.296,2,0
1153,71,1.512,2,0
1154,42,1.104,0,0
1155,51,1.238,2,0
1156,51,1.38,2,0
1157,51,1.038,2,0
1158,71,2.026,2,0
1159,42,2.262,2,0
1160,51,0.949,2,0
1161,51,0.43,0,0
1162,71,0.418,0,0
1163,42,0.164,0,0
1164,42,2.04,2,0
1165,51,1.657,2,0
1166,71,2.134,2,0
1167,42,1.975,2,0
1168,71,1.756,2,0
1169,51,2.763,2,0
1170,51,1.546,2,0
1171,51,1.068,0,0
1172,42,0,1,1
1173,51,0.815,2,0
1174,51,0.695,2,0
1175,42,0.708,0,0
1176,71,1.733,2,0
1177,42,2.266,2,0
1178,71,0.59,2,0
1179,42,0.011,0,1
1180,42,1.636,2,0
1181,51,1.61,0,0
1182,51,2.256,2,0
1183,42,2.2,2,0
1184,51,1.143,0,0
1185,42,0.962,2,0
1186,51,0.798,2,0
1187,51,0.924,2,0
1188,42,0.124,0,0
1189,51,2.039,0,0
1190,71,1.858,2,0
1191,42,2.623,2,0
1192,51,1.292,2,0
1193,51,0.547,0,1
1194,71,0.794,0,1
1195,42,2.142,2,0
1196,71,1.168,2,0
1197,51,1.394,2,0
1198,51,1.067,2,0
1199,82,1.694,0,0
1200,51,1.015,2,0
1201,71,1.346,2,0
1202,51,1.487,2,1
1203,51,1.095,2,0
1204,51,0.526,0,0
1205,42,1.518,2,0
1206,71,2.329,2,0
1207,42,1.505,0,0
1208,51,1.117,2,0
1209,51,1.094,2,0
1210,51,1.017,2,0
1211,42,2.019,2,0
1212,51,0.824,2,0
1213,71,2.269,2,0
1214,51,0.861,0,0
1215,51,1.032,2,0
1216,42,0.42,1,1
1217,51,1.745,2,0
1218,71,2.518,2,0
1219,42,1.353,2,0
1220,51,1.445,2,0
1221,71,2.034,2,0
1222,51,0.771,0,0
1223,51,1.771,2,0
1224,51,0.595,2,0
1225,42,0.626,1,1
1226,51,0.597,2,0
1227,51,1.209,2,0
1228,42,1.885,2,0
1229,42,1.785,2,0
1230,71,1.678,2,0
1231,42,0.216,0,0
1232,82,1.018,0,0
1233,71,2.438,2,0
1234,42,1.943,2,0
1235,51,1.521,2,0
1236,71,1.362,2,0
1237,51,1.03,2,0
1238,51,0.76,2,0
1239,42,0.121,1,0
1240,83,1.962,2,0
1241,83,2.88,0,0
1242,71,1.706,2,0
1243,51,3.015,2,0
1244,51,0.74,2,0
1245,71,0.181,1,0
1246,42,1.897,2,0
1247,51,1.284,2,0
1248,51,0.818,2,0
1249,51,0.819,2,0
1250,51,0.892,0,0
1251,71,1.987,2,0
1252,51,1.224,2,0
1253,51,1.696,2,0
1254,83,2.001,2,0
1255,31,0.293,2,0
1256,42,0.741,0,0
1257,71,1.723,2,0
1258,51,0.949,2,0
1259,51,1.129,2,0
1260,51,1.522,2,0
1261,51,0.48,2,0
1262,71,1.751,2,0
1263,51,0.404,2,0
1264,51,1.037,2,0
1265,51,1.324,1,1
1266,51,1.75,2,0
1267,71,2.245,2,0
1268,42,1.181,2,0
1269,51,1.096,2,0
1270,71,2.147,2,0
1271,51,0.717,2,0
1272,51,0.979,2,0
1273,51,0.62,2,0
1274,51,1.245,2,0
1275,42,0.437,0,1
1276,51,1.518,2,0
1277,42,1.757,2,0
1278,71,1.382,2,0
1279,42,1.16,0,1
1280,51,1.109,2,0
1281,42,1.969,2,0
1282,83,1.822,2,0
1283,51,1.444,2,0
1284,51,0.614,2,0
1285,51,0.518,2,0
1286,71,1.368,2,0
1287,51,1.265,1,1
1288,51,1.177,2,0
1289,51,2.257,2,0
1290,51,1.409,2,0
1291,51,0.999,2,0
1292,42,0.875,2,0
1293,51,0.827,1,0
1294,51,0.691,2,0
1295,51,1.399,2,0
1296,51,0.808,2,0
1297,51,0.741,2,0
1298,71,1.851,2,0
1299,51,1.789,2,0
1300,51,0.928,2,0
1301,51,0.828,2,0
1302,42,0.435,2,0
1303,71,2.195,2,0
1304,51,1.007,2,0
1305,51,0.873,2,0
1306,51,1.117,2,0
1307,51,0.99,2,0
1308,71,1.355,2,0
1309,51,1.504,2,0
1310,51,2.218,2,0
1311,42,0.466,2,1
1312,71,1.663,2,0
1313,71,2.084,2,0
1314,51,0.739,2,0
1315,51,0.842,2,0
1316,71,2.171,2,0
1317,82,2.082,2,0
1318,51,0.85,2,0
1319,71,1.167,2,0
1320,42,0.374,2,1
1321,82,2.483,2,0
1322,42,1.029,2,0
1323,71,1.27,2,0
1324,51,0.999,2,0
1325,42,0.761,2,1
1326,51,1.794,2,0
1327,51,1.952,2,0
1328,51,0.432,2,0
1329,51,0.922,2,0
1330,71,1.44,2,0
1331,71,0.148,2,0
1332,51,1.012,2,0
1333,71,1.727,2,0
1334,51,0.888,2,0
1335,82,2.364,2,0
1336,51,1.132,2,0
1337,51,0.826,2,0
1338,51,0.505,2,0
1339,71,1.92,2,0
1340,51,1.014,2,0
1341,51,1.589,2,0
1342,71,1.674,2,0
1343,51,1.752,2,0
1344,51,1.739,2,0
1345,42,0.909,2,0
1346,51,0.6,2,0
1347,71,1.849,2,0
1348,51,0.962,2,0
1349,51,1.869,2,0
1350,51,1.51,2,0
1351,51,2.212,2,0
1352,71,1.635,2,0
1353,42,0.337,2,0
1354,51,1.455,2,0
1355,71,1.703,2,0
1356,51,0.586,2,0
1357,51,1.317,2,0
1358,51,1.805,2,0
1359,71,1.255,2,0
1360,51,1.104,2,0
1361,82,3.083,2,0
1362,51,1.485,2,0
1363,71,1.089,2,0
1364,51,1.236,2,0
1365,51,1.22,2,0
1366,51,1.458,2,0
1367,51,1.516,2,0
1368,82,2.173,2,0
1369,51,1.271,2,0
1370,51,1.204,2,0
1371,71,0.143,2,0
1372,51,1.431,2,0
1373,51,0.917,2,0
1374,51,1.408,2,0
1375,82,3.13,2,0
1376,51,0.561,2,0
1377,71,0.242,2,0
1378,71,2.277,2,0
1379,51,1.518,2,0
1380,51,1.453,2,0
1381,71,1.933,2,0
1382,51,1.645,2,0
1383,51,1.911,2,0
1384,51,1.006,2,0
1385,51,0.638,2,0
1386,51,2.253,2,0
1387,51,2.966,2,0
1388,51,0.93,2,0
1389,51,1.689,2,0
1390,51,2.012,2,0
1391,42,0.497,2,0
1392,51,1.462,2,0
1393,71,1.56,2,0
1394,51,0.953,2,0
1395,51,0.78,2,0
1396,71,1.822,2,0
1397,51,1.173,2,0
1398,51,1.18,2,1
1399,51,1.921,2,0
1400,71,1.635,2,0
1401,51,1.344,2,0
1402,51,1.902,2,0
1403,51,1.344,2,0
1404,51,1.835,2,1
1405,51,1.248,2,0
1406,51,1.543,2,0
1407,51,1.269,2,1
1408,51,1.345,2,0
1409,51,1.376,2,0
1410,51,1.992,2,0
1411,51,1.284,2,0
1412,71,0.174,2,0
1413,71,2.156,2,0
1414,51,1.286,2,0
1415,51,1.599,2,0
1416,51,1.525,2,0
1417,71,1.771,2,0
1418,71,1.426,2,0
1419,51,0.848,2,0
1420,71,2.138,2,0
1421,51,1.819,2,0
1422,51,1.385,2,0
1423,51,1.068,2,0
1424,71,2.173,2,0
1425,42,0.623,2,0
1426,51,1.312,2,0
1427,71,1.715,2,0
1428,51,0.712,2,0
1429,51,0.82,2,0
1430,71,1.718,2,0
1431,51,1.814,2,0
1432,51,2.133,2,0
1433,71,1.739,2,0
1434,51,1.451,2,0
1435,51,1.181,2,0
1436,51,1.251,2,0
1437,51,1.044,2,0
1438,51,1.249,2,0
1439,51,1.602,2,0
1440,51,1.682,2,0
1441,51,2.292,2,0
1442,51,1.116,2,0
1443,51,1.655,2,0
1444,71,3.085,2,0
1445,51,1.173,2,0
1446,71,1.222,2,0
1447,71,1.77,2,0
1448,71,2.02,2,0
1449,51,1.377,2,0
1450,71,2.565,2,0
1451,51,1.549,2,0
1452,51,1.178,2,0
1453,71,2.3,2,0
1454,42,1.183,2,0
1455,51,1.583,2,0
1456,71,1.578,2,0
1457,51,0.841,2,0
1458,51,1.868,2,0
1459,71,1.853,2,0
1460,51,1.425,2,0
1461,71,1.641,2,0
1462,51,1.47,2,0
1463,51,0.937,2,0
1464,51,1.831,2,0
1465,51,1.48,2,0
1466,51,1.996,2,0
1467,81,2.143,2,0
1468,51,1.483,2,0
1469,51,2.031,2,0
1470,71,1.642,2,0
1471,51,0.906,2,0
1472,51,1.266,2,0
1473,71,1.222,2,0
1474,51,1.043,2,0
1475,71,1.538,2,0
1476,51,1.152,2,0
1477,71,2.03,2,0
1478,51,1.519,2,0
1479,51,1.958,2,0
1480,71,1.907,2,0
1481,51,1.854,2,0
1482,71,1.502,2,0
1483,51,2.45,2,0
1484,71,1.426,2,0
1485,51,1.83,2,0
1486,51,2.059,2,0
1487,51,1.7,2,0
1488,51,2.231,2,0
1489,51,1.889,2,0
1490,51,1.567,2,0
1491,51,1.737,2,0
1492,51,0.985,2,0
1493,71,1.28,2,0
1494,71,1.108,2,0
1495,51,0.923,2,0
1496,51,1.673,2,0
1497,71,1.785,2,0
1498,51,1.747,2,0
1499,51,1.541,2,0
1500,71,1.75,2,0
1501,51,1.606,2,0
1502,51,1.527,2,0
1503,71,1.655,2,0
1504,71,1.592,2,0
1505,51,1.541,2,0
1506,51,1.67,2,0
1507,51,1.636,2,0
1508,51,1.776,2,0
1509,51,2.217,2,0
1510,51,2.246,2,0
1511,51,1.884,2,0
1512,51,1.576,2,0
1513,71,1.51,2,0
1514,71,1.2,2,0
1515,51,1.788,2,0
1516,51,1.746,2,0
1517,71,1.92,2,0
1518,51,1.902,2,0
1519,51,1.654,2,0
1520,71,1.108,2,0
1521,51,2.021,2,0
1522,51,1.934,2,0
1523,71,2.434,2,0
1524,71,3.019,2,0
1525,51,1.897,2,0
1526,51,1.386,2,0
1527,51,1.903,2,0
1528,51,1.346,2,0
1529,71,1.877,2,0
1530,51,1.332,2,0
1531,71,1.824,2,0
1532,51,1.159,2,0
1533,71,1.387,2,0
1534,71,1.333,2,0
1535,51,1.078,2,0
1536,51,2.335,2,0
1537,51,1.83,2,0
1538,71,1.591,2,0
1539,51,1.016,2,0
1540,71,1.497,2,0
1541,51,1.436,2,0
1542,51,1.431,2,0
1543,71,1.396,2,0
1544,71,1.191,2,0
1545,71,1.591,2,0
1546,51,1.339,2,0
1547,51,1.811,2,0
1548,51,1.097,2,0
1549,42,1.696,2,0
1550,51,1.199,2,0
1551,42,1.687,2,0
1552,51,1.252,2,0
1553,71,1.818,2,0
1554,71,1.803,2,0
1555,51,0.932,2,0
1556,51,1.635,2,0
1557,42,1.364,2,0
1558,71,1.475,2,0
1559,51,0.964,2,0
1560,71,1.342,2,0
1561,42,1.322,2,0
1562,51,1.353,2,0
1563,71,1.307,2,0
1564,71,1.109,2,0
1565,71,1.464,2,0
1566,51,2.167,2,0
1567,42,1.205,2,0
1568,51,1.256,2,0
1569,42,1.465,2,0
1570,51,0.937,2,0
1571,42,1.612,2,0
1572,51,1.892,2,0
1573,71,1.624,2,0
1574,71,2.3,2,0
1575,51,1.762,2,0
1576,71,2.221,2,0
1577,51,1.361,2,0
1578,71,2.774,2,0
1579,51,1.883,2,0
1580,71,1.517,2,0
1581,71,2.042,2,0
1582,51,0.861,2,0
1583,42,0.651,2,0
1584,42,1.462,2,0
1585,42,2.112,2,0
1586,71,1.662,2,0
1587,71,1.993,2,0
1588,71,1.907,2,0
1589,71,0.327,2,0
1590,71,1.462,2,0
1591,71,1.473,2,0
